{"cameraMode":{"drawMode":0,"name":"Shaded","section":"Shading Mode"},"sceneLighting":false,"audioPlay":false,"sceneViewState":{"m_AlwaysRefresh":false,"showFog":true,"showSkybox":true,"showFlares":true,"showImageEffects":true,"showParticleSystems":true,"showVisualEffectGraphs":true,"m_FxEnabled":false},"in2DMode":false,"pivot":{"x":-1.0592255592346192,"y":3.600172996520996,"z":3.1918601989746095},"rotation":{"x":0.00007146666030166671,"y":-0.999851644039154,"z":0.009311330504715443,"w":-0.008406290784478188},"size":1.3177106380462647,"orthographic":false}