{"cameraMode":{"drawMode":0,"name":"Shaded","section":"Shading Mode"},"sceneLighting":false,"audioPlay":false,"sceneViewState":{"m_AlwaysRefresh":false,"showFog":true,"showSkybox":false,"showFlares":true,"showImageEffects":true,"showParticleSystems":true,"showVisualEffectGraphs":true,"m_FxEnabled":false},"in2DMode":false,"pivot":{"x":-0.009499999694526196,"y":1.0110000371932984,"z":0.017000000923871995},"rotation":{"x":0.0017153059598058463,"y":-0.9947510957717896,"z":0.10062185674905777,"w":0.017009520903229715},"size":5.489521503448486,"orthographic":false}